title,description,priority,dueDate
Complete Project Proposal,Draft and finalize the Q1 project proposal with timeline and budget,high,2025-01-20
Team Meeting Preparation,Prepare agenda and materials for weekly team sync,medium,2025-01-18
Code Review - Authentication,Review pull request for new authentication system,high,2025-01-19
Update Documentation,Update API documentation with new endpoints,low,2025-01-25
Client Presentation,Prepare slides for client presentation on new features,high,2025-01-22
Bug Fix - Payment Gateway,Investigate and fix payment processing timeout issue,urgent,2025-01-17
Database Backup,Perform weekly database backup and verification,medium,2025-01-21
Security Audit,Conduct security audit of user authentication flow,high,2025-01-24
Performance Testing,Run load tests on production environment,medium,2025-01-23
Design Mockups Review,Review UI/UX mockups for mobile app,low,2025-01-26
Email Campaign Setup,Setup automated email campaign for new users,medium,2025-01-19
Refactor Legacy Code,Refactor old payment processing module,low,2025-01-28
Write Unit Tests,Add unit tests for new API endpoints,medium,2025-01-20
Deploy to Staging,Deploy latest changes to staging environment,high,2025-01-18
Research New Framework,Research and evaluate new frontend framework options,low,2025-01-30